<?xml version="1.0" encoding="UTF-8"?>
<template id="template" xml:space="preserve">
    <t t-extend="Product">
        <t t-jquery="article.product" t-operation="append">
            <div class="pos-product-magnify">
                <a href="#">
                    <i class="fa fa-plus-square"/>
                </a>
            </div>
        </t>
    </t>

    <t t-name="ProductZoomPopupWidget">
        <div class="modal-dialog">
            <div class="popup popup-barcode">
                <p class="title"><t t-esc=" widget.options.title || 'Product' " /></p>
                <p class="body">
                    <div class="product_large_image">
                    <img t-att-src='widget.image_url'/>
                    </div>
                </p>
                <div class="footer">
                    <div class="button cancel">
                        Close
                    </div>
                </div>
            </div>
        </div>
    </t>
</template>





